{"cameraMode":{"drawMode":0,"name":"Shaded","section":"Shading Mode"},"sceneLighting":false,"audioPlay":false,"sceneViewState":{"showFog":true,"showMaterialUpdate":false,"showSkybox":false,"showFlares":true,"showImageEffects":true,"showParticleSystems":true},"in2DMode":false,"pivot":{"x":-38.48918533325195,"y":42.23958969116211,"z":-22.875242233276368},"rotation":{"x":-0.32440614700317385,"y":-0.5721651315689087,"z":0.26316601037979128,"w":-0.7061790227890015},"size":1.5329058170318604,"orthographic":false}